location_region,risk_score
North America,45.15483362554202
South America,45.13940838384931
Asia,44.99457184321936
Africa,44.90221887186098
Europe,44.59870767602977
