location_region,risk_score
Europe,56.125
North America,46.97222222222222
South America,43.903977272727275
Africa,38.92125
Asia,38.536458333333336
